{
	"Subjects":	[
	   {"courseCode": "PROGAP1", "description": "Applications Programming 1", "units": "3.0"},
	   {"courseCode": "PROGAP2", "description": "Applications Programming 2", "units": "3.0"},
	   {"courseCode": "PROGAP3", "description": "Applications Programming 3", "units": "3.0"},
	   {"courseCode": "ISPROG1", "description": "IS Basic Programming", "units": "3.0"},
	   {"courseCode": "ISPROG2", "description": "IS Intermediate Programming", "units": "3.0"},
	   {"courseCode": "ISPROG3", "description": "IS Advanced Programming", "units": "3.0"},
	   {"courseCode": "IS-EBIZ", "description": "Introduction to Electronic Commerce", "units": "3.0"},
	   {"courseCode": "DBASE-1", "description": "Database Concepts 1", "units": "3.0"},
	   {"courseCode": "DBASE-2", "description": "Database Concepts 2", "units": "3.0"},
	   {"courseCode": "WEBDEVT", "description": "Web Development", "units": "3.0"},
	   {"courseCode": "INCOSYS", "description": "Introduction to Computer Systems", "units": "3.0"},
	   {"courseCode": "SYSANAL", "description": "Computer Systems Analysis", "units": "3.0"},
	   {"courseCode": "SYSDESI", "description": "Computer Systems Design & Quality Processes", "units": "3.0"},
	   {"courseCode": "IT-DOCU", "description": "IT Documentation Standards", "units": "3.0"},
	   {"courseCode": "VERTSOL", "description": "Vertical Solutions", "units": "3.0"},
	   {"courseCode": "ITETHIC", "description": "Business & IT Ethics", "units": "3.0"},
	   {"courseCode": "PROGLAN", "description": "Programming Languages", "units": "3.0"}
	]
}
