{"Schedule":[
  {"NO": 1, "CourseCode": "Progap1", "Section": "TI301", "Days": "MW", "Hours": "18:00-19:30", "BLDG": "DCL3"},
  {"NO": 2, "CourseCode": "IS-EBIZ", "Section": "TI301", "Days": "TTH", "Hours": "18:00-19:30", "BLDG": "DCL3"},
  {"NO": 3, "CourseCode": "PROGLAN", "Section": "TI301", "Days": "F", "Hours": "18:00-19:30", "BLDG": "DCL3"},
  {"NO": 4, "CourseCode": "SYSDESI", "Section": "TI301", "Days": "MW", "Hours": "18:00-19:30", "BLDG": "DCL3"},
  {"NO": 5, "CourseCode": "IT-DOCU", "Section": "TI301", "Days": "TTH", "Hours": "18:00-19:30", "BLDG": "DCL3"},
  {"NO": 6, "CourseCode": "SYSANAL", "Section": "TI301", "Days": "F", "Hours": "18:00-19:30", "BLDG": "DCL3"},
  {"NO": 7, "CourseCode": "INCOSYS", "Section": "TI301", "Days": "MW", "Hours": "18:00-19:30", "BLDG": "DCL3"},
  {"NO": 8, "CourseCode": "DBASE-2", "Section": "TI301", "Days": "TTH", "Hours": "18:00-19:30", "BLDG": "DCL3"},
  {"NO": 9, "CourseCode": "WEBDEVT", "Section": "TI301", "Days": "F", "Hours": "18:00-19:30", "BLDG": "DCL3"},
  {"NO": 10, "CourseCode": "ISPROG3", "Section": "TI301", "Days": "S", "Hours": "18:00-19:30", "BLDG": "DCL3"}
]}

